{
  "test": {
    "loss": 0.09406849294900894,
    "recon_loss": 0.09406849294900894
  },
  "rare": {
    "test_rare_count": 1009.0,
    "gen_rare_count": 55,
    "rare_recall": 0.05450941526263627,
    "rare_lift": 1.375
  }
}